{
    "0": {
        "parent": null,
        "annee_naissance": 0,
        "annee_mort": null,
        "historique_effectif": [
            4,
            4,
            4,
            4,
            4,
            5,
            6,
            6,
            6,
            5,
            5,
            4,
            4,
            4
        ],
        "allele": {
            "vitesse": [
                5.75,
                5.75,
                5.75,
                5.75,
                5.75,
                5.6,
                5.5,
                5.5,
                5.5,
                5.2,
                5.2,
                5.0,
                5.0,
                5.0
            ],
            "masse": [
                51.75,
                51.75,
                51.75,
                51.75,
                51.75,
                50.4,
                48.5,
                48.5,
                48.5,
                43.4,
                43.4,
                38.25,
                38.25,
                38.25
            ],
            "taille": [
                33.25,
                33.25,
                33.25,
                33.25,
                33.25,
                33.4,
                33.666666666666664,
                33.666666666666664,
                33.666666666666664,
                33.0,
                33.0,
                30.0,
                30.0,
                30.0
            ],
            "couleur": [
                [
                    154.0,
                    148.25,
                    110.0
                ],
                [
                    154.0,
                    148.25,
                    110.0
                ],
                [
                    154.0,
                    148.25,
                    110.0
                ],
                [
                    154.0,
                    148.25,
                    110.0
                ],
                [
                    154.0,
                    148.25,
                    110.0
                ],
                [
                    170.8,
                    153.2,
                    94.2
                ],
                [
                    182.0,
                    156.5,
                    83.66666666666667
                ],
                [
                    182.0,
                    156.5,
                    83.66666666666667
                ],
                [
                    182.0,
                    156.5,
                    83.66666666666667
                ],
                [
                    176.8,
                    148.4,
                    51.4
                ],
                [
                    176.8,
                    148.4,
                    51.4
                ],
                [
                    214.75,
                    149.0,
                    49.25
                ],
                [
                    214.75,
                    149.0,
                    49.25
                ],
                [
                    214.75,
                    149.0,
                    49.25
                ]
            ],
            "agilit\u00e9": [
                45.75,
                45.75,
                45.75,
                45.75,
                45.75,
                43.4,
                42.0,
                42.0,
                42.0,
                46.8,
                46.8,
                45.0,
                45.0,
                45.0
            ],
            "temp\u00e9rature": [
                15.75,
                15.75,
                15.75,
                15.75,
                15.75,
                15.8,
                15.833333333333334,
                15.833333333333334,
                15.833333333333334,
                16.0,
                16.0,
                16.0,
                16.0,
                16.0
            ],
            "humidit\u00e9": [
                41.5,
                41.5,
                41.5,
                41.5,
                41.5,
                40.4,
                39.666666666666664,
                39.666666666666664,
                39.666666666666664,
                47.6,
                47.6,
                48.0,
                48.0,
                48.0
            ],
            "aggr\u00e9ssivit\u00e9": [
                51.5,
                51.5,
                51.5,
                51.5,
                51.5,
                54.4,
                56.333333333333336,
                56.333333333333336,
                56.333333333333336,
                54.4,
                54.4,
                52.75,
                52.75,
                52.75
            ],
            "fertilit\u00e9": [
                39.5,
                39.5,
                39.5,
                39.5,
                39.5,
                43.6,
                46.333333333333336,
                46.333333333333336,
                46.333333333333336,
                51.6,
                51.6,
                53.0,
                53.0,
                53.0
            ],
            "adaptabilit\u00e9": [
                25.75,
                25.75,
                25.75,
                25.75,
                25.75,
                24.4,
                23.666666666666668,
                23.666666666666668,
                23.666666666666668,
                23.4,
                23.4,
                24.0,
                24.0,
                24.0
            ],
            "perception": [
                34.25,
                34.25,
                34.25,
                34.25,
                34.25,
                39.6,
                43.333333333333336,
                43.333333333333336,
                43.333333333333336,
                51.4,
                51.4,
                51.0,
                51.0,
                51.0
            ]
        }
    },
    "1": {
        "parent": null,
        "annee_naissance": 0,
        "annee_mort": null,
        "historique_effectif": [
            6,
            6,
            6,
            6,
            6,
            6,
            6,
            6,
            6,
            7,
            6,
            4,
            4,
            4
        ],
        "allele": {
            "vitesse": [
                6.333333333333333,
                6.333333333333333,
                6.333333333333333,
                6.333333333333333,
                6.333333333333333,
                6.333333333333333,
                6.333333333333333,
                6.333333333333333,
                6.333333333333333,
                6.428571428571429,
                6.333333333333333,
                6.0,
                6.0,
                6.0
            ],
            "masse": [
                30.833333333333332,
                30.833333333333332,
                30.833333333333332,
                30.833333333333332,
                30.833333333333332,
                30.833333333333332,
                30.833333333333332,
                30.833333333333332,
                30.833333333333332,
                29.571428571428573,
                30.833333333333332,
                35.5,
                35.5,
                35.5
            ],
            "taille": [
                32.166666666666664,
                32.166666666666664,
                32.166666666666664,
                32.166666666666664,
                32.166666666666664,
                32.166666666666664,
                32.166666666666664,
                32.166666666666664,
                32.166666666666664,
                32.0,
                32.166666666666664,
                32.5,
                32.5,
                32.5
            ],